{"cameraMode":{"drawMode":0,"name":"Shaded","section":"Shading Mode"},"sceneLighting":false,"audioPlay":false,"sceneViewState":{"showFog":true,"showMaterialUpdate":false,"showSkybox":true,"showFlares":true,"showImageEffects":true,"showParticleSystems":true},"in2DMode":false,"pivot":{"x":1.2162420749664307,"y":2.8012468814849855,"z":-6.039026260375977},"rotation":{"x":0.00030513631645590067,"y":0.8556877970695496,"z":0.0005040154792368412,"w":-0.5174919962882996},"size":0.11431524902582169,"orthographic":false}