{"cameraMode":{"drawMode":0,"name":"Shaded","section":"Shading Mode"},"sceneLighting":false,"audioPlay":false,"sceneViewState":{"showFog":true,"showMaterialUpdate":false,"showSkybox":true,"showFlares":true,"showImageEffects":true,"showParticleSystems":true},"in2DMode":false,"pivot":{"x":-5.639251232147217,"y":1.9164495468139649,"z":256.0851135253906},"rotation":{"x":-0.24179576337337495,"y":-0.7070502638816834,"z":0.28471508622169497,"w":-0.6004599332809448},"size":3.7893030643463136,"orthographic":false}