{"cameraMode":{"drawMode":0,"name":"Shaded","section":"Shading Mode"},"sceneLighting":false,"audioPlay":false,"sceneViewState":{"showFog":true,"showMaterialUpdate":false,"showSkybox":true,"showFlares":true,"showImageEffects":true,"showParticleSystems":true},"in2DMode":false,"pivot":{"x":20.31000518798828,"y":28.600000381469728,"z":188.0},"rotation":{"x":0.09970014542341232,"y":0.6289481520652771,"z":-0.08178776502609253,"w":0.7666778564453125},"size":116.71934509277344,"orthographic":false}